Agent Name,Timestamp,Driver ID
Nazmul,2017-05-08 11:30:03.05+07,1000094
Tasnia,2017-05-14 23:16:35.368+07,1001006
Sabrina,2017-05-11 13:36:37.733+07,1000482
Jeet,2017-05-08 11:12:38.463+07,1000026
Arfan,2017-05-09 11:48:13.452+07,1000181
Sabrina,2017-05-12 12:33:03.14+07,1000620
Nazmul,2017-05-08 11:14:34.247+07,1000069
Nazmul,2017-05-14 11:38:18.061+07,1000891
Nazmul,2017-05-14 12:11:58.665+07,1000913
Niamul,2017-05-08 11:14:32.765+07,1000055
Nazmul,2017-05-08 10:43:12.235+07,1000014
Niamul,2017-05-11 17:31:24.058+07,1000520
Tasnia,2017-05-14 23:57:36.114+07,1001033
Jeet,2017-05-10 14:24:28.235+07,1000372
Sabrina,2017-05-10 15:06:37.051+07,1000389
Arfan,2017-05-09 14:22:45.177+07,1000283
Nazmul,2017-05-08 11:14:35.794+07,1000078
Niamul,2017-05-11 17:55:17.343+07,1000525
Arfan,2017-05-09 20:01:39.604+07,1000308
Tasnia,2017-05-13 14:28:23.805+07,1000791
Nazmul,2017-05-14 12:53:01.771+07,1000921
Nazmul,2017-05-14 11:08:27.021+07,1000888
Nazmul,2017-05-14 10:44:28.852+07,1000877
Jeet,2017-05-12 11:53:08.197+07,1000617
Arfan,2017-05-10 15:47:44.503+07,1000409
Tasnia,2017-05-13 15:18:47.55+07,1000800
Nazmul,2017-05-12 14:00:23.857+07,1000633
Nazmul,2017-05-11 20:02:37.326+07,1000536
Sabrina,2017-05-10 14:48:00.297+07,1000380
Arfan,2017-05-08 11:12:40.8+07,1000045
Arfan,2017-05-08 11:14:33.777+07,1000065
Nazmul,2017-05-10 13:53:47.829+07,1000368
Arfan,2017-05-11 13:34:59.305+07,1000481
Sabrina,2017-05-12 16:31:11.032+07,1000688
Niamul,2017-05-12 13:46:48.731+07,1000626
Sabrina,2017-05-12 13:54:32.4+07,1000630
Nazmul,2017-05-14 12:32:12.531+07,1000916
Tasnia,2017-05-13 15:42:37.384+07,1000804
Niamul,2017-05-08 11:14:34.012+07,1000067
Nazmul,2017-05-12 13:51:11.173+07,1000628
Jeet,2017-05-12 14:24:12.823+07,1000643
Arfan,2017-05-09 14:09:29.689+07,1000273
Tasnia,2017-05-14 23:16:35.066+07,1000999
Sabrina,2017-05-09 13:56:13.377+07,1000264
Nazmul,2017-05-11 20:02:37.239+07,1000534
Jeet,2017-05-11 17:03:38.089+07,1000516
Sabrina,2017-05-10 11:11:20.146+07,1000330
Arfan,2017-05-12 15:46:35.472+07,1000677
Sabrina,2017-05-08 11:14:32.231+07,1000048
Nazmul,2017-05-08 11:25:31.36+07,1000087
Nazmul,2017-05-11 23:18:09.047+07,1000566
Sabrina,2017-05-12 11:19:43.189+07,1000605
Tasnia,2017-05-11 13:13:37.183+07,1000476
Sabrina,2017-05-08 11:14:33.956+07,1000066
Nazmul,2017-05-08 13:50:17.57+07,1000120
Niamul,2017-05-09 11:48:13.771+07,1000186
Nazmul,2017-05-08 13:23:50.924+07,1000112
Niamul,2017-05-10 14:15:02.768+07,1000371
Nazmul,2017-05-13 16:33:02.91+07,1000818
Sabrina,2017-05-11 15:52:47.944+07,1000509
Nazmul,2017-05-14 11:16:41.249+07,1000890
Tasnia,2017-05-14 15:12:45.662+07,1000943
Niamul,2017-05-08 16:30:03.312+07,1000141
Arfan,2017-05-08 11:25:31.397+07,1000088
Tasnia,2017-05-14 23:16:36.306+07,1001019
Nazmul,2017-05-14 12:09:24.733+07,1000903
Tasnia,2017-05-14 22:54:18.29+07,1000996
Jeet,2017-05-10 11:42:06.332+07,1000342
Tasnia,2017-05-13 16:07:13.093+07,1000810
Tasnia,2017-05-14 22:07:40.653+07,1000990
Tasnia,2017-05-14 20:04:28.029+07,1000972
Tasnia,2017-05-14 20:34:29.017+07,1000978
Sabrina,2017-05-10 11:36:02.759+07,1000340
Jeet,2017-05-08 11:12:40.895+07,1000047
Arfan,2017-05-10 14:45:31.276+07,1000379
Nazmul,2017-05-12 20:35:31.445+07,1000715
Nazmul,2017-05-10 13:15:36.686+07,1000358
Arfan,2017-05-08 11:14:36.299+07,1000082
Jeet,2017-05-12 15:22:04.908+07,1000665
Tasnia,2017-05-13 16:17:02.778+07,1000815
Tasnia,2017-05-14 14:49:09.392+07,1000940
Nazmul,2017-05-14 12:08:42.094+07,1000895
Arfan,2017-05-11 10:16:06.031+07,1000460
Jeet,2017-05-12 14:11:21.187+07,1000638
Nazmul,2017-05-09 13:36:28.793+07,1000257
Nazmul,2017-05-14 13:40:44.754+07,1000928
Arfan,2017-05-11 17:53:22.028+07,1000523
Sabrina,2017-05-12 16:27:30.535+07,1000683
Jeet,2017-05-09 14:30:04.952+07,1000291
Tasnia,2017-05-14 22:01:02.619+07,1000987
Arfan,2017-05-10 11:10:42.239+07,1000329
Arfan,2017-05-10 15:28:41.572+07,1000399
Jeet,2017-05-09 11:03:07.659+07,1000151
Tasnia,2017-05-13 12:13:01.976+07,1000774
Arfan,2017-05-12 14:32:06.502+07,1000645
Niamul,2017-05-08 11:12:40.286+07,1000041
Tasnia,2017-05-14 17:58:02.201+07,1000962
Arfan,2017-05-08 11:12:38.432+07,1000025
Nazmul,2017-05-10 23:17:38.021+07,1000454
Nazmul,2017-05-08 13:13:45.059+07,1000108
Tasnia,2017-05-13 15:53:15.515+07,1000808
Jeet,2017-05-12 13:50:24.951+07,1000627
Sabrina,2017-05-10 13:21:04.733+07,1000360
Nazmul,2017-05-14 12:09:27.468+07,1000910
Niamul,2017-05-08 11:12:38.764+07,1000030
Arfan,2017-05-11 18:16:55.58+07,1000528
Tasnia,2017-05-13 10:21:02.622+07,1000751
Tasnia,2017-05-14 23:16:35.396+07,1001007
Arfan,2017-05-10 13:40:19.944+07,1000364
Tasnia,2017-05-14 23:57:36.136+07,1001034
Tasnia,2017-05-14 23:57:35.791+07,1001029
Tasnia,2017-05-14 23:14:01.937+07,1000997
Niamul,2017-05-12 16:33:46.749+07,1000689
Jeet,2017-05-09 12:19:02.875+07,1000233
Arfan,2017-05-11 17:18:01.359+07,1000518
Nazmul,2017-05-10 18:43:26.44+07,1000438
Sabrina,2017-05-10 17:43:23.802+07,1000435
Nazmul,2017-05-11 23:18:09.061+07,1000568
Tasnia,2017-05-14 18:32:35.351+07,1000965
Sabrina,2017-05-12 11:26:48.113+07,1000615
Jeet,2017-05-08 16:24:35.777+07,1000140
Nazmul,2017-05-11 23:18:08.688+07,1000556
Nazmul,2017-05-12 23:54:51.472+07,1000746
Arfan,2017-05-09 11:17:43.203+07,1000160
Niamul,2017-05-10 14:34:04.324+07,1000376
Nazmul,2017-05-10 17:25:46.377+07,1000428
Sabrina,2017-05-08 13:37:01.626+07,1000116
Niamul,2017-05-09 11:48:13.499+07,1000182
Nazmul,2017-05-11 23:18:10.084+07,1000590
Nazmul,2017-05-13 17:55:22.514+07,1000828
Sabrina,2017-05-08 11:14:32.255+07,1000049
Nazmul,2017-05-11 23:18:08.944+07,1000561
Tasnia,2017-05-14 23:16:36.718+07,1001023
Arfan,2017-05-08 11:12:39.062+07,1000033
Tasnia,2017-05-14 15:36:42.626+07,1000945
Sabrina,2017-05-10 13:42:10.316+07,1000365
Niamul,2017-05-11 13:37:17.047+07,1000483
Arfan,2017-05-10 11:22:30.19+07,1000334
Jeet,2017-05-11 14:54:37.512+07,1000500
Tasnia,2017-05-14 23:16:35.298+07,1001005
Sabrina,2017-05-10 16:23:00.997+07,1000420
Niamul,2017-05-08 13:29:55.712+07,1000113
Tasnia,2017-05-14 17:52:23.915+07,1000959
Tasnia,2017-05-13 15:01:03.806+07,1000796
Niamul,2017-05-11 10:28:22.892+07,1000462
Tasnia,2017-05-13 15:55:07.589+07,1000809
Sabrina,2017-05-11 14:53:19.573+07,1000498
Tasnia,2017-05-14 23:57:35.878+07,1001030
Arfan,2017-05-11 19:58:57.936+07,1000533
Jeet,2017-05-08 11:14:33.585+07,1000062
Arfan,2017-05-08 10:59:43.204+07,1000016
Jeet,2017-05-08 13:16:07.867+07,1000109
Nazmul,2017-05-12 19:43:31.915+07,1000706
Nazmul,2017-05-10 16:22:11.17+07,1000418
Nazmul,2017-05-12 20:46:27.206+07,1000717
Nazmul,2017-05-11 23:18:09.716+07,1000583
Jeet,2017-05-12 11:26:47.719+07,1000612
Jeet,2017-05-10 11:17:41.357+07,1000332
Jeet,2017-05-09 14:30:03.48+07,1000287
Nazmul,2017-05-13 20:03:43.827+07,1000858
Nazmul,2017-05-08 13:33:22.133+07,1000114
Nazmul,2017-05-09 14:21:21.223+07,1000282
Nazmul,2017-05-08 11:25:42.089+07,1000090
Tasnia,2017-05-14 16:05:45.781+07,1000949
Nazmul,2017-05-13 16:24:05.737+07,1000817
Nazmul,2017-05-09 23:17:45.305+07,1000314
Tasnia,2017-05-13 12:25:50.987+07,1000777
Jeet,2017-05-10 15:10:18.398+07,1000391
Nazmul,2017-05-10 21:09:59.323+07,1000449
Arfan,2017-05-08 12:11:39.137+07,1000102
Jeet,2017-05-11 19:17:35.602+07,1000531
Sabrina,2017-05-08 11:14:35.843+07,1000079
Tasnia,2017-05-13 16:15:54.208+07,1000814
Niamul,2017-05-10 15:34:11.933+07,1000406
Nazmul,2017-05-13 17:14:02.999+07,1000824
Nazmul,2017-05-08 11:14:33.746+07,1000064
Nazmul,2017-05-12 23:16:32.356+07,1000738
Nazmul,2017-05-12 11:24:28.415+07,1000607
Sabrina,2017-05-09 13:18:39.17+07,1000244
Niamul,2017-05-09 11:48:12.542+07,1000170
Sabrina,2017-05-08 14:20:21.299+07,1000132
Tasnia,2017-05-14 23:16:35.969+07,1001013
Arfan,2017-05-09 11:48:15.559+07,1000213
Sabrina,2017-05-12 15:27:54.887+07,1000668
Arfan,2017-05-12 16:52:17.092+07,1000692
Nazmul,2017-05-13 20:17:23.056+07,1000864
Tasnia,2017-05-13 14:04:34.049+07,1000788
Jeet,2017-05-10 13:11:58.358+07,1000357
Niamul,2017-05-08 12:38:40.352+07,1000105
Arfan,2017-05-10 17:27:02.854+07,1000429
Tasnia,2017-05-14 20:04:27.886+07,1000970
Sabrina,2017-05-11 12:48:58.198+07,1000471
Nazmul,2017-05-10 13:35:44.688+07,1000363
Nazmul,2017-05-14 10:43:34.277+07,1000876
Niamul,2017-05-09 14:05:32.933+07,1000270
Tasnia,2017-05-14 23:16:35.245+07,1001003
Arfan,2017-05-08 12:40:00.858+07,1000106
Sabrina,2017-05-09 13:12:07.662+07,1000239
Jeet,2017-05-08 11:14:32.7+07,1000053
Nazmul,2017-05-11 13:33:55.487+07,1000480
Tasnia,2017-05-13 10:55:03.499+07,1000756
Nazmul,2017-05-11 23:18:08.986+07,1000563
Nazmul,2017-05-09 19:39:51.311+07,1000307
Sabrina,2017-05-09 11:05:49.131+07,1000154
Nazmul,2017-05-08 15:04:16.079+07,1000137
Tasnia,2017-05-14 14:39:16.092+07,1000937
Jeet,2017-05-09 14:12:16.699+07,1000276
Jeet,2017-05-08 14:23:16.969+07,1000133
Sabrina,2017-05-08 10:32:45.259+07,1000011
Niamul,2017-05-12 11:32:11.156+07,1000616
Nazmul,2017-05-14 10:38:41.68+07,1000874
Niamul,2017-05-11 11:27:25.951+07,1000467
Nazmul,2017-05-11 10:09:07.643+07,1000459
Nazmul,2017-05-11 23:18:09.358+07,1000579
Nazmul,2017-05-11 23:16:58.132+07,1000554
Nazmul,2017-05-12 21:30:32.781+07,1000723
Niamul,2017-05-08 11:38:13.055+07,1000096
Jeet,2017-05-09 13:28:30.052+07,1000251
Nazmul,2017-05-12 23:16:31.582+07,1000735
Tasnia,2017-05-14 20:04:28.09+07,1000974
Jeet,2017-05-09 11:10:17.226+07,1000159
Nazmul,2017-05-09 23:17:44.921+07,1000313
Jeet,2017-05-11 14:38:23.102+07,1000495
Arfan,2017-05-11 15:14:11.768+07,1000502
Sabrina,2017-05-08 11:31:18.634+07,1000095
Niamul,2017-05-09 13:19:45.733+07,1000245
Nazmul,2017-05-08 11:14:36.249+07,1000081
Nazmul,2017-05-10 14:25:12.022+07,1000373
Nazmul,2017-05-08 21:17:46.601+07,1000143
Tasnia,2017-05-14 20:04:28.069+07,1000973
Nazmul,2017-05-12 15:14:23.372+07,1000659
Tasnia,2017-05-14 21:30:52.759+07,1000981
Nazmul,2017-05-14 12:09:27.441+07,1000909
Nazmul,2017-05-13 18:09:25.96+07,1000830
Sabrina,2017-05-09 13:40:58.045+07,1000259
Nazmul,2017-05-13 17:08:38.823+07,1000823
Jeet,2017-05-12 17:16:05.645+07,1000695
Tasnia,2017-05-13 10:13:29.094+07,1000749
Arfan,2017-05-09 14:16:28.725+07,1000278
Nazmul,2017-05-12 20:23:56.964+07,1000710
Tasnia,2017-05-08 11:14:32.733+07,1000054
Niamul,2017-05-12 17:57:35.296+07,1000699
Jeet,2017-05-09 13:59:26.861+07,1000266
Nazmul,2017-05-10 22:48:43.287+07,1000451
Sabrina,2017-05-11 13:19:19.804+07,1000477
Nazmul,2017-05-14 12:22:09.898+07,1000914
Jeet,2017-05-08 12:28:21.209+07,1000103
Niamul,2017-05-09 14:56:59.956+07,1000295
Nazmul,2017-05-13 19:59:51.268+07,1000852
Arfan,2017-05-11 11:04:50.166+07,1000465
Tasnia,2017-05-10 15:16:50.944+07,1000394
Nazmul,2017-05-11 19:22:09.289+07,1000532
Jeet,2017-05-09 14:06:40.741+07,1000271
Tasnia,2017-05-13 14:11:49.625+07,1000789
Nazmul,2017-05-13 19:59:51.079+07,1000848
Nazmul,2017-05-12 11:57:26.471+07,1000618
Jeet,2017-05-10 14:50:00.205+07,1000382
Nazmul,2017-05-12 15:23:30.588+07,1000666
Tasnia,2017-05-14 23:16:35.454+07,1001008
Nazmul,2017-05-10 20:00:37.033+07,1000445
Jeet,2017-05-12 15:33:03.478+07,1000670
Tasnia,2017-05-14 20:30:08.912+07,1000976
Tasnia,2017-05-12 15:18:12.182+07,1000662
Sabrina,2017-05-09 11:48:15.935+07,1000221
Niamul,2017-05-09 11:48:14.677+07,1000199
Nazmul,2017-05-11 20:13:58.433+07,1000543
Nazmul,2017-05-13 16:45:03.17+07,1000819
Nazmul,2017-05-12 11:01:42.216+07,1000603
Niamul,2017-05-12 14:36:03.991+07,1000647
Nazmul,2017-05-14 13:42:58.603+07,1000930
Nazmul,2017-05-12 20:20:00.341+07,1000709
Nazmul,2017-05-08 23:12:46.601+07,1000148
Nazmul,2017-05-11 23:18:09.955+07,1000589
Nazmul,2017-05-12 20:25:22.135+07,1000712
Nazmul,2017-05-14 11:02:20.625+07,1000883
Nazmul,2017-05-10 15:10:41.788+07,1000392
Jeet,2017-05-10 13:35:09.095+07,1000362
Sabrina,2017-05-11 17:27:02.446+07,1000519
Niamul,2017-05-12 15:08:26.86+07,1000657
Arfan,2017-05-08 11:12:40.75+07,1000043
Nazmul,2017-05-08 11:02:23.513+07,1000018
Niamul,2017-05-08 11:14:35.36+07,1000076
Tasnia,2017-05-14 17:57:03.027+07,1000961
Jeet,2017-05-11 17:32:27.087+07,1000521
Tasnia,2017-05-14 20:04:02.869+07,1000969
Tasnia,2017-05-14 13:53:55.933+07,1000933
Tasnia,2017-05-14 23:21:10.83+07,1001027
Sabrina,2017-05-08 11:14:34.498+07,1000071
Nazmul,2017-05-09 14:30:03.458+07,1000286
Niamul,2017-05-08 10:20:06.697+07,1000007
Jeet,2017-05-12 11:00:05.729+07,1000602
Jeet,2017-05-11 13:02:34.762+07,1000473
Nazmul,2017-05-14 12:55:04.572+07,1000922
Nazmul,2017-05-14 10:35:47.271+07,1000872
Arfan,2017-05-12 16:30:14.609+07,1000687
Nazmul,2017-05-14 10:01:50.656+07,1000867
Nazmul,2017-05-08 22:57:46.601+07,1000146
Niamul,2017-05-09 12:09:28.145+07,1000227
Tasnia,2017-05-14 23:16:35.544+07,1001010
Nazmul,2017-05-08 14:03:46.335+07,1000127
Sabrina,2017-05-12 16:58:02.777+07,1000693
Tasnia,2017-05-13 11:31:16.97+07,1000765
Nazmul,2017-05-14 13:00:01.789+07,1000924
Niamul,2017-05-11 10:03:52.568+07,1000457
Tasnia,2017-05-14 22:28:02.49+07,1000992
Tasnia,2017-05-14 23:16:35.758+07,1001011
Nazmul,2017-05-08 13:56:05.845+07,1000125
Sabrina,2017-05-12 15:50:01.48+07,1000678
Nazmul,2017-05-09 13:23:01.699+07,1000247
Tasnia,2017-05-14 22:07:02.127+07,1000989
Tasnia,2017-05-14 17:40:20.745+07,1000957
Tasnia,2017-05-14 23:16:35.213+07,1001002
Nazmul,2017-05-10 11:18:10.529+07,1000333
Arfan,2017-05-09 14:42:26.477+07,1000293
Nazmul,2017-05-13 19:10:38.564+07,1000839
Nazmul,2017-05-11 23:18:10.301+07,1000592
Nazmul,2017-05-11 18:01:48.014+07,1000527
Tasnia,2017-05-14 13:54:38.138+07,1000934
Nazmul,2017-05-10 15:56:24.2+07,1000413
Tasnia,2017-05-13 11:15:11.71+07,1000760
Nazmul,2017-05-14 12:08:42.067+07,1000894
Arfan,2017-05-09 13:39:59.116+07,1000258
Sabrina,2017-05-12 14:06:51.961+07,1000636
Arfan,2017-05-08 13:03:18.712+07,1000107
Nazmul,2017-05-13 18:34:02.528+07,1000834
Sabrina,2017-05-08 10:38:01.234+07,1000013
Nazmul,2017-05-09 11:48:15.426+07,1000211
Arfan,2017-05-09 11:52:21.377+07,1000225
Arfan,2017-05-12 11:16:15.863+07,1000604
Nazmul,2017-05-11 20:04:43.114+07,1000541
Nazmul,2017-05-13 19:59:51.387+07,1000854
Nazmul,2017-05-14 10:54:13.584+07,1000881
Nazmul,2017-05-14 10:42:45.354+07,1000875
Sabrina,2017-05-09 11:48:12.962+07,1000175
Sabrina,2017-05-11 15:15:29.875+07,1000504
Jeet,2017-05-08 10:12:21.143+07,1000003
Nazmul,2017-05-11 23:18:09.478+07,1000580
Nazmul,2017-05-08 11:53:09.302+07,1000099
Sabrina,2017-05-11 18:19:10.609+07,1000529
Nazmul,2017-05-11 23:18:10.327+07,1000593
Niamul,2017-05-10 16:22:10.897+07,1000416
Nazmul,2017-05-14 12:45:58.619+07,1000918
Nazmul,2017-05-11 23:18:09.76+07,1000584
Sabrina,2017-05-10 18:52:41.849+07,1000440
Jeet,2017-05-10 16:22:10.904+07,1000417
Niamul,2017-05-12 15:58:44.784+07,1000679
Niamul,2017-05-12 11:26:47.628+07,1000611
Tasnia,2017-05-14 23:16:36.829+07,1001024
Tasnia,2017-05-12 14:02:39.868+07,1000635
Sabrina,2017-05-12 15:06:58.087+07,1000656
Niamul,2017-05-10 16:31:33.17+07,1000421
Sabrina,2017-05-12 11:26:47.558+07,1000610
Nazmul,2017-05-12 21:04:26.974+07,1000718
Nazmul,2017-05-12 18:22:29.016+07,1000701
Jeet,2017-05-09 11:48:15.738+07,1000217
Arfan,2017-05-09 13:53:50.279+07,1000263
Arfan,2017-05-10 17:06:15.947+07,1000424
Niamul,2017-05-09 13:28:21.971+07,1000250
Tasnia,2017-05-11 15:14:30.088+07,1000503
Tasnia,2017-05-14 23:16:36.279+07,1001018
Nazmul,2017-05-10 15:30:38.472+07,1000403
Jeet,2017-05-10 12:42:03.553+07,1000352
Arfan,2017-05-10 15:56:58.747+07,1000414
Nazmul,2017-05-14 12:08:44.378+07,1000901
Nazmul,2017-05-11 20:02:37.311+07,1000535
Nazmul,2017-05-09 12:50:32.31+07,1000234
Jeet,2017-05-08 11:25:31.487+07,1000089
Nazmul,2017-05-11 23:18:09.855+07,1000586
Nazmul,2017-05-14 11:07:51.096+07,1000887
Nazmul,2017-05-13 19:04:55.08+07,1000837
Tasnia,2017-05-13 14:33:29.355+07,1000793
Nazmul,2017-05-13 18:18:13.956+07,1000833
Tasnia,2017-05-13 11:54:12.767+07,1000767
Nazmul,2017-05-14 10:36:59.292+07,1000873
Nazmul,2017-05-08 11:12:38.735+07,1000029
Nazmul,2017-05-08 21:43:46.601+07,1000144
Sabrina,2017-05-12 15:37:03.984+07,1000673
Arfan,2017-05-09 14:30:04.195+07,1000288
Tasnia,2017-05-08 13:33:55.721+07,1000115
Nazmul,2017-05-13 18:16:17.893+07,1000832
Nazmul,2017-05-14 12:09:27.322+07,1000908
Nazmul,2017-05-12 22:31:31.929+07,1000728
Tasnia,2017-05-14 23:57:35.931+07,1001031
Tasnia,2017-05-14 22:01:02.638+07,1000988
Jeet,2017-05-10 12:19:31.082+07,1000347
Nazmul,2017-05-14 12:40:55.044+07,1000917
Nazmul,2017-05-08 10:13:31.353+07,1000004
Nazmul,2017-05-14 12:08:44.208+07,1000898
Arfan,2017-05-11 14:44:43.384+07,1000497
Sabrina,2017-05-10 15:29:02.521+07,1000400
Arfan,2017-05-12 11:26:44.951+07,1000609
Niamul,2017-05-09 14:11:59.873+07,1000275
Jeet,2017-05-08 11:14:34.79+07,1000073
Arfan,2017-05-08 13:54:11.109+07,1000123
Nazmul,2017-05-11 23:18:08.991+07,1000564
Jeet,2017-05-08 10:51:03.529+07,1000015
Niamul,2017-05-09 11:05:15.82+07,1000153
Jeet,2017-05-10 11:05:10.104+07,1000327
Sabrina,2017-05-10 14:08:47.755+07,1000370
Arfan,2017-05-10 10:47:29.649+07,1000324
Nazmul,2017-05-14 11:04:54.527+07,1000884
Arfan,2017-05-09 13:26:02.404+07,1000248
Niamul,2017-05-09 11:48:14.169+07,1000190
Tasnia,2017-05-13 10:35:21.797+07,1000752
Niamul,2017-05-10 11:11:44.181+07,1000331
Nazmul,2017-05-12 22:28:00.423+07,1000727
Nazmul,2017-05-12 15:36:02.944+07,1000671
Nazmul,2017-05-11 23:18:08.811+07,1000560
Jeet,2017-05-09 11:48:14.219+07,1000191
Tasnia,2017-05-14 16:22:57.02+07,1000954
Nazmul,2017-05-09 14:34:02.677+07,1000292
Niamul,2017-05-08 11:12:39.464+07,1000037
Tasnia,2017-05-09 13:08:33.046+07,1000237
Niamul,2017-05-09 13:58:13.659+07,1000265
Jeet,2017-05-09 11:48:13.949+07,1000188
Jeet,2017-05-11 17:56:31.831+07,1000526
Tasnia,2017-05-13 10:04:55.976+07,1000747
Niamul,2017-05-08 11:14:34.726+07,1000072
Nazmul,2017-05-11 23:18:09.692+07,1000582
Nazmul,2017-05-14 12:09:27.233+07,1000906
Nazmul,2017-05-10 19:57:40.748+07,1000443
Niamul,2017-05-12 14:09:13.406+07,1000637
Arfan,2017-05-10 11:56:55.03+07,1000344
Nazmul,2017-05-11 21:13:02.441+07,1000546
Sabrina,2017-05-10 15:21:14.147+07,1000395
Arfan,2017-05-09 17:14:03.031+07,1000303
Nazmul,2017-05-13 17:17:02.187+07,1000825
Niamul,2017-05-08 11:12:38.328+07,1000023
Niamul,2017-05-09 11:28:01.053+07,1000162
Niamul,2017-05-08 10:01:57.382+07,1000001
Niamul,2017-05-09 11:48:15.969+07,1000222
Niamul,2017-05-11 12:58:56.316+07,1000472
Niamul,2017-05-12 16:28:14.035+07,1000684
Nazmul,2017-05-09 20:47:15.471+07,1000310
Nazmul,2017-05-11 23:18:08.713+07,1000557
Nazmul,2017-05-12 20:23:56.966+07,1000711
Tasnia,2017-05-14 23:16:36.169+07,1001016
Sabrina,2017-05-10 15:32:02.651+07,1000405
Nazmul,2017-05-13 19:11:34.471+07,1000840
Niamul,2017-05-12 15:20:12.472+07,1000664
Tasnia,2017-05-13 16:20:25.143+07,1000816
Tasnia,2017-05-13 15:08:58.607+07,1000798
Nazmul,2017-05-09 14:07:15.301+07,1000272
Sabrina,2017-05-10 12:39:11.696+07,1000350
Nazmul,2017-05-14 12:11:58.434+07,1000911
Nazmul,2017-05-11 23:18:09.339+07,1000578
Tasnia,2017-05-14 13:50:52.491+07,1000931
Nazmul,2017-05-14 12:46:57.435+07,1000920
Nazmul,2017-05-12 11:26:47.854+07,1000613
Tasnia,2017-05-13 10:52:34.074+07,1000755
Nazmul,2017-05-11 14:24:04.084+07,1000490
Tasnia,2017-05-13 10:40:00.211+07,1000753
Tasnia,2017-05-13 11:17:32.553+07,1000762
Nazmul,2017-05-10 15:04:34.082+07,1000387
Tasnia,2017-05-14 22:01:02.53+07,1000985
Arfan,2017-05-12 15:06:53.136+07,1000655
Tasnia,2017-05-13 12:39:19.738+07,1000779
Nazmul,2017-05-11 20:02:37.374+07,1000538
Sabrina,2017-05-11 10:22:18.575+07,1000461
Nazmul,2017-05-13 18:10:29.47+07,1000831
Nazmul,2017-05-11 23:18:09.24+07,1000572
Nazmul,2017-05-13 20:15:22.997+07,1000862
Arfan,2017-05-08 13:42:37.467+07,1000118
Nazmul,2017-05-10 12:36:06.264+07,1000348
Tasnia,2017-05-14 20:00:02.4+07,1000968
Tasnia,2017-05-13 14:56:11.091+07,1000794
Arfan,2017-05-09 15:45:25.297+07,1000298
Arfan,2017-05-11 15:40:34.432+07,1000508
Sabrina,2017-05-11 14:31:40.791+07,1000493
Sabrina,2017-05-09 11:48:13.581+07,1000183
Nazmul,2017-05-14 12:58:42.985+07,1000923
Sabrina,2017-05-11 11:24:08.299+07,1000466
Tasnia,2017-05-14 17:40:11.685+07,1000956
Nazmul,2017-05-14 11:05:07.018+07,1000885
Arfan,2017-05-10 14:56:09.123+07,1000384
Tasnia,2017-05-13 15:45:28.771+07,1000805
Jeet,2017-05-08 11:14:32.282+07,1000050
Nazmul,2017-05-14 10:15:01.173+07,1000871
Arfan,2017-05-09 11:48:12.796+07,1000173
Sabrina,2017-05-08 11:14:33.333+07,1000060
Jeet,2017-05-08 11:12:38.953+07,1000031
Nazmul,2017-05-11 23:18:09.29+07,1000574
Arfan,2017-05-11 12:27:51.441+07,1000470
Nazmul,2017-05-11 20:02:37.423+07,1000539
Nazmul,2017-05-11 23:18:08.767+07,1000558
Sabrina,2017-05-12 14:23:18.129+07,1000641
Nazmul,2017-05-14 12:09:24.703+07,1000902
Niamul,2017-05-10 15:25:02.81+07,1000396
Niamul,2017-05-11 18:29:02.884+07,1000530
Arfan,2017-05-09 11:41:41.244+07,1000165
Nazmul,2017-05-12 22:45:45.185+07,1000729
Tasnia,2017-05-09 11:48:14.305+07,1000194
Niamul,2017-05-10 12:01:28.946+07,1000346
Nazmul,2017-05-14 13:41:10.438+07,1000929
Jeet,2017-05-10 16:33:34.755+07,1000422
Jeet,2017-05-10 15:03:26.987+07,1000386
Jeet,2017-05-09 13:36:08.941+07,1000256
Nazmul,2017-05-12 21:49:26.066+07,1000725
Niamul,2017-05-08 13:57:32.583+07,1000126
Nazmul,2017-05-11 23:18:10.468+07,1000596
Tasnia,2017-05-14 16:14:01.207+07,1000951
Jeet,2017-05-09 11:48:12.363+07,1000168
Nazmul,2017-05-11 23:18:09.319+07,1000575
Tasnia,2017-05-13 12:13:18.194+07,1000775
Niamul,2017-05-10 13:05:53.403+07,1000356
Nazmul,2017-05-12 22:53:53.502+07,1000730
Nazmul,2017-05-08 11:12:40.848+07,1000046
Arfan,2017-05-10 12:38:24.359+07,1000349
Tasnia,2017-05-13 13:44:16.212+07,1000786
Nazmul,2017-05-12 16:18:55.091+07,1000681
Nazmul,2017-05-12 21:44:41.511+07,1000724
Nazmul,2017-05-13 20:23:28.833+07,1000865
Niamul,2017-05-11 13:19:58.955+07,1000478
Jeet,2017-05-10 11:29:03.304+07,1000337
Nazmul,2017-05-08 11:22:11.91+07,1000086
Sabrina,2017-05-08 10:26:56.071+07,1000010
Nazmul,2017-05-10 23:17:39.211+07,1000456
Nazmul,2017-05-12 22:19:10.369+07,1000726
Nazmul,2017-05-13 18:56:02.74+07,1000836
Nazmul,2017-05-10 14:55:22.915+07,1000383
Nazmul,2017-05-08 10:17:56.801+07,1000005
Niamul,2017-05-08 11:14:33.717+07,1000063
Jeet,2017-05-09 13:44:34.276+07,1000261
Jeet,2017-05-12 16:16:02.606+07,1000680
Niamul,2017-05-10 17:52:03.933+07,1000436
Arfan,2017-05-08 11:12:39.882+07,1000040
Tasnia,2017-05-13 12:44:25.089+07,1000781
Sabrina,2017-05-09 12:13:08.415+07,1000231
Nazmul,2017-05-11 23:18:09.596+07,1000581
Nazmul,2017-05-13 19:44:57.708+07,1000844
Sabrina,2017-05-08 14:09:03.789+07,1000128
Tasnia,2017-05-14 23:16:01.5+07,1000998
Nazmul,2017-05-11 23:06:20.542+07,1000553
Tasnia,2017-05-14 14:46:25.259+07,1000938
Jeet,2017-05-09 16:35:02.668+07,1000301
Jeet,2017-05-09 19:00:08.925+07,1000306
Niamul,2017-05-09 13:41:51.141+07,1000260
Tasnia,2017-05-13 16:14:30.727+07,1000812
Tasnia,2017-05-14 20:36:35.552+07,1000979
Tasnia,2017-05-14 21:02:02.109+07,1000980
Arfan,2017-05-12 13:54:02.636+07,1000629
Jeet,2017-05-09 11:48:25.606+07,1000223
Tasnia,2017-05-13 13:13:00.878+07,1000785
Arfan,2017-05-10 13:16:27.946+07,1000359
Nazmul,2017-05-11 13:03:20.866+07,1000474
Tasnia,2017-05-14 14:38:44.875+07,1000936
Niamul,2017-05-10 11:02:55.633+07,1000326
Nazmul,2017-05-11 22:33:47.701+07,1000552
Tasnia,2017-05-13 14:33:02.946+07,1000792
Tasnia,2017-05-14 21:32:02.583+07,1000983
Jeet,2017-05-09 11:48:13.711+07,1000184
Sabrina,2017-05-12 14:32:19.014+07,1000646
Nazmul,2017-05-11 20:02:37.353+07,1000537
Nazmul,2017-05-14 10:08:17.014+07,1000869
Jeet,2017-05-10 13:51:08.516+07,1000367
Nazmul,2017-05-11 23:18:09.061+07,1000567
Jeet,2017-05-09 11:48:12.741+07,1000172
Arfan,2017-05-10 18:48:57.444+07,1000439
Nazmul,2017-05-11 23:18:08.789+07,1000559
Nazmul,2017-05-08 11:12:39.446+07,1000036
Nazmul,2017-05-13 17:42:59.143+07,1000826
Jeet,2017-05-10 14:37:40.444+07,1000377
Arfan,2017-05-09 11:48:15.106+07,1000206
Tasnia,2017-05-14 23:16:35.083+07,1001000
Nazmul,2017-05-11 17:06:04.794+07,1000517
Sabrina,2017-05-08 11:14:33.064+07,1000057
Jeet,2017-05-08 11:28:44.562+07,1000092
Arfan,2017-05-12 15:25:12.917+07,1000667
Niamul,2017-05-09 14:30:00.869+07,1000285
Sabrina,2017-05-08 11:12:38.963+07,1000032
Nazmul,2017-05-11 23:18:09.265+07,1000573
Nazmul,2017-05-13 18:45:53.644+07,1000835
Jeet,2017-05-08 14:09:24.037+07,1000129
Nazmul,2017-05-14 13:39:33.52+07,1000927
Sabrina,2017-05-09 14:04:56.709+07,1000269
Sabrina,2017-05-08 13:51:44.689+07,1000122
Jeet,2017-05-08 11:14:33.284+07,1000058
Jeet,2017-05-09 11:40:16.888+07,1000164
Sabrina,2017-05-11 13:49:32.504+07,1000487
Tasnia,2017-05-14 22:13:02.458+07,1000991
Tasnia,2017-05-13 12:41:57.419+07,1000780
Nazmul,2017-05-12 23:17:11.326+07,1000744
Tasnia,2017-05-14 20:31:02.639+07,1000977
Tasnia,2017-05-14 14:49:08.049+07,1000939
Nazmul,2017-05-11 23:18:09.83+07,1000585
Nazmul,2017-05-09 14:01:20.238+07,1000267
Niamul,2017-05-09 11:48:15.713+07,1000216
Sabrina,2017-05-08 11:50:44.816+07,1000098
Nazmul,2017-05-13 20:03:43.744+07,1000857
Nazmul,2017-05-14 10:12:03.285+07,1000870
Jeet,2017-05-08 11:14:34.209+07,1000068
Sabrina,2017-05-09 11:48:13.269+07,1000179
Niamul,2017-05-10 13:45:37.867+07,1000366
Nazmul,2017-05-13 19:31:02.559+07,1000842
Nazmul,2017-05-08 11:27:02.16+07,1000091
Nazmul,2017-05-11 13:39:15.926+07,1000485
Tasnia,2017-05-14 23:16:35.105+07,1001001
Tasnia,2017-05-14 23:16:36.909+07,1001026
Nazmul,2017-05-09 16:53:14.312+07,1000302
Jeet,2017-05-12 15:10:39.527+07,1000658
Sabrina,2017-05-10 11:29:03.062+07,1000335
Nazmul,2017-05-12 16:29:40.022+07,1000686
Nazmul,2017-05-09 13:52:59.771+07,1000262
Niamul,2017-05-10 13:24:41.531+07,1000361
Jeet,2017-05-12 19:40:34.739+07,1000705
Sabrina,2017-05-10 11:58:30.191+07,1000345
Tasnia,2017-05-14 17:59:50.281+07,1000963
Nazmul,2017-05-09 22:40:31.151+07,1000312
Tasnia,2017-05-13 11:24:27.153+07,1000763
Jeet,2017-05-12 16:39:00.752+07,1000690
Arfan,2017-05-09 11:07:16.881+07,1000156
Nazmul,2017-05-08 11:15:48.819+07,1000084
Niamul,2017-05-12 14:56:02.209+07,1000652
Tasnia,2017-05-13 12:13:01.799+07,1000771
Jeet,2017-05-09 15:27:52.731+07,1000296
Jeet,2017-05-09 11:48:14.508+07,1000197
Arfan,2017-05-12 14:00:57.546+07,1000634
Sabrina,2017-05-09 11:48:14.461+07,1000196
Nazmul,2017-05-12 20:04:18.106+07,1000708
Tasnia,2017-05-14 16:14:26.581+07,1000952
Arfan,2017-05-12 15:14:50.355+07,1000660
Sabrina,2017-05-09 17:17:51.585+07,1000304
Jeet,2017-05-12 11:24:28.43+07,1000608
Arfan,2017-05-12 17:30:16.833+07,1000697
Sabrina,2017-05-09 11:48:14.998+07,1000204
Nazmul,2017-05-10 15:43:02.568+07,1000408
Nazmul,2017-05-11 12:11:12.297+07,1000469
Arfan,2017-05-08 14:11:03.008+07,1000130
Nazmul,2017-05-12 15:44:45.13+07,1000676
Nazmul,2017-05-13 19:59:51.061+07,1000847
Nazmul,2017-05-11 10:45:15.047+07,1000464
Sabrina,2017-05-10 15:53:39.108+07,1000410
Nazmul,2017-05-14 12:31:38.328+07,1000915
Tasnia,2017-05-13 15:35:02.841+07,1000802
Tasnia,2017-05-14 23:16:35.271+07,1001004
Nazmul,2017-05-12 23:16:31.834+07,1000736
Niamul,2017-05-09 16:04:43.125+07,1000300
Nazmul,2017-05-14 13:38:24.929+07,1000926
Nazmul,2017-05-08 11:12:38.153+07,1000022
Sabrina,2017-05-08 14:32:04.118+07,1000135
Nazmul,2017-05-08 12:06:42.59+07,1000101
Niamul,2017-05-08 11:14:36.005+07,1000080
Sabrina,2017-05-09 11:48:13.931+07,1000187
Arfan,2017-05-09 11:48:14.266+07,1000193
Nazmul,2017-05-09 12:09:28.611+07,1000229
Nazmul,2017-05-14 10:45:46.89+07,1000878
Arfan,2017-05-10 14:27:01.24+07,1000374
Arfan,2017-05-08 11:01:12.059+07,1000017
Tasnia,2017-05-14 23:16:35.511+07,1001009
Tasnia,2017-05-13 11:54:09.803+07,1000766
Niamul,2017-05-09 17:55:40.487+07,1000305
Tasnia,2017-05-13 12:11:50.855+07,1000769
Nazmul,2017-05-12 14:16:02.54+07,1000639
Jeet,2017-05-09 11:06:17.098+07,1000155
Nazmul,2017-05-08 11:14:32.463+07,1000051
Tasnia,2017-05-13 15:12:58.609+07,1000799
Arfan,2017-05-12 19:02:30.772+07,1000702
Sabrina,2017-05-08 11:14:36.482+07,1000083
Nazmul,2017-05-14 11:12:08.406+07,1000889
Niamul,2017-05-08 11:14:33.518+07,1000061
Tasnia,2017-05-14 22:51:17.519+07,1000995
Tasnia,2017-05-14 23:57:35.987+07,1001032
Nazmul,2017-05-11 23:18:09.137+07,1000570
Arfan,2017-05-09 11:48:15.55+07,1000212
Nazmul,2017-05-12 23:16:31.164+07,1000734
Niamul,2017-05-08 14:28:03.094+07,1000134
Tasnia,2017-05-14 16:07:44.022+07,1000950
Nazmul,2017-05-09 20:28:24.618+07,1000309
Nazmul,2017-05-11 23:18:10.375+07,1000594
Jeet,2017-05-08 11:53:32.381+07,1000100
Nazmul,2017-05-13 20:06:02.395+07,1000859
Niamul,2017-05-09 14:30:04.917+07,1000290
Niamul,2017-05-11 15:55:03.687+07,1000510
Jeet,2017-05-08 11:14:35.514+07,1000077
Niamul,2017-05-11 13:54:14.956+07,1000488
Tasnia,2017-05-14 16:20:49.218+07,1000953
Arfan,2017-05-10 14:04:51.87+07,1000369
Arfan,2017-05-10 16:22:11.172+07,1000419
Jeet,2017-05-11 11:49:07.638+07,1000468
Niamul,2017-05-12 14:23:26.287+07,1000642
Arfan,2017-05-12 19:55:11.466+07,1000707
Tasnia,2017-05-13 10:43:32.588+07,1000754
Nazmul,2017-05-10 10:46:48.296+07,1000323
Nazmul,2017-05-09 15:31:02.972+07,1000297
Tasnia,2017-05-13 12:47:45.13+07,1000783
Tasnia,2017-05-14 23:16:36.61+07,1001021
Sabrina,2017-05-10 16:22:10.796+07,1000415
Jeet,2017-05-12 18:20:02.85+07,1000700
Tasnia,2017-05-13 15:19:09.587+07,1000801
Tasnia,2017-05-13 16:11:01.428+07,1000811
Niamul,2017-05-09 13:34:12.514+07,1000255
Sabrina,2017-05-09 15:47:32.06+07,1000299
Tasnia,2017-05-14 23:16:36.136+07,1001015
Tasnia,2017-05-13 15:04:21.845+07,1000797
Nazmul,2017-05-12 23:16:33.43+07,1000741
Nazmul,2017-05-12 21:13:10.524+07,1000720
Nazmul,2017-05-14 13:19:18.032+07,1000925
Tasnia,2017-05-13 11:29:02.409+07,1000764
Nazmul,2017-05-11 23:18:09.884+07,1000587
Nazmul,2017-05-12 20:32:13.221+07,1000714
Tasnia,2017-05-13 14:57:38.475+07,1000795
Nazmul,2017-05-11 16:49:27.618+07,1000512
Sabrina,2017-05-08 13:18:11.56+07,1000110
Sabrina,2017-05-10 17:16:20.372+07,1000425
Tasnia,2017-05-13 10:17:26.867+07,1000750
Nazmul,2017-05-14 11:06:45.959+07,1000886
Nazmul,2017-05-14 10:51:29.374+07,1000880
Nazmul,2017-05-14 10:46:06.779+07,1000879
Jeet,2017-05-10 17:29:43.231+07,1000432
Nazmul,2017-05-14 11:43:26.891+07,1000892
Nazmul,2017-05-10 20:28:59.17+07,1000447
Nazmul,2017-05-08 22:09:46.601+07,1000145
Jeet,2017-05-08 11:12:39.121+07,1000035
Jeet,2017-05-12 16:28:14.139+07,1000685
Arfan,2017-05-08 14:37:03.826+07,1000136
Tasnia,2017-05-14 23:16:36.53+07,1001020
Niamul,2017-05-09 11:08:50.542+07,1000157
Nazmul,2017-05-11 20:02:37.448+07,1000540
Nazmul,2017-05-11 23:18:09.335+07,1000577
Nazmul,2017-05-11 23:18:08.662+07,1000555
Sabrina,2017-05-08 10:24:50.812+07,1000009
Nazmul,2017-05-12 23:16:33.886+07,1000742
Nazmul,2017-05-13 20:08:01.844+07,1000861
Tasnia,2017-05-14 21:54:41.242+07,1000984
Arfan,2017-05-11 14:28:38.988+07,1000491
Jeet,2017-05-10 17:58:49.022+07,1000437
Niamul,2017-05-09 11:48:15.58+07,1000214
Nazmul,2017-05-14 12:08:42.045+07,1000893
Nazmul,2017-05-10 10:14:35.521+07,1000318
Sabrina,2017-05-09 11:48:12.286+07,1000167
Sabrina,2017-05-11 17:55:04.496+07,1000524
Nazmul,2017-05-08 23:11:46.601+07,1000147
Tasnia,2017-05-13 12:13:01.96+07,1000773
Niamul,2017-05-08 11:12:39.614+07,1000039
Nazmul,2017-05-11 23:18:08.956+07,1000562
Nazmul,2017-05-13 20:17:15.99+07,1000863
Nazmul,2017-05-12 15:05:04.786+07,1000654
Niamul,2017-05-08 11:12:38.126+07,1000021
Tasnia,2017-05-08 10:34:07.94+07,1000012
Sabrina,2017-05-08 16:32:03.123+07,1000142
Jeet,2017-05-11 15:25:05.096+07,1000506
Nazmul,2017-05-12 23:17:11.65+07,1000745
Nazmul,2017-05-12 13:30:04.192+07,1000623
Tasnia,2017-05-13 11:12:02.662+07,1000758
Tasnia,2017-05-14 20:04:27.943+07,1000971
Arfan,2017-05-10 10:20:04.207+07,1000319
Tasnia,2017-05-14 23:58:01.983+07,1001036
Jeet,2017-05-09 13:21:24.184+07,1000246
Sabrina,2017-05-09 11:48:15.83+07,1000219
Niamul,2017-05-10 12:41:42.176+07,1000351
Arfan,2017-05-09 14:03:24.999+07,1000268
Niamul,2017-05-10 14:59:04.472+07,1000385
Niamul,2017-05-10 19:04:06.086+07,1000441
Sabrina,2017-05-09 12:08:09.587+07,1000226
Nazmul,2017-05-13 17:02:22.937+07,1000822
Tasnia,2017-05-14 23:16:36.661+07,1001022
Niamul,2017-05-09 11:48:14.924+07,1000203
Nazmul,2017-05-11 14:38:53.621+07,1000496
Sabrina,2017-05-09 11:48:15.636+07,1000215
Nazmul,2017-05-11 20:05:53.177+07,1000542
Nazmul,2017-05-14 12:08:44.32+07,1000899
Tasnia,2017-05-14 22:01:02.548+07,1000986
Niamul,2017-05-11 15:16:26.373+07,1000505
Niamul,2017-05-10 11:29:03.065+07,1000336
Tasnia,2017-05-13 14:17:18.656+07,1000790
Jeet,2017-05-09 11:48:13.02+07,1000176
Arfan,2017-05-10 19:57:40.783+07,1000444
Sabrina,2017-05-09 11:48:14.219+07,1000192
Sabrina,2017-05-09 13:27:37.33+07,1000249
Niamul,2017-05-10 17:27:03.223+07,1000431
Jeet,2017-05-09 13:14:02.741+07,1000241
Sabrina,2017-05-09 14:30:04.232+07,1000289
Nazmul,2017-05-11 21:18:02.091+07,1000550
Tasnia,2017-05-14 19:56:02.481+07,1000966
Jeet,2017-05-10 17:21:54.688+07,1000427
Tasnia,2017-05-09 11:21:34.398+07,1000161
Tasnia,2017-05-14 21:32:02.519+07,1000982
Arfan,2017-05-10 15:06:00.803+07,1000388
Tasnia,2017-05-13 16:15:47.452+07,1000813
Jeet,2017-05-11 13:57:29.684+07,1000489
Nazmul,2017-05-12 23:17:10.832+07,1000743
Jeet,2017-05-09 14:19:38.699+07,1000281
Nazmul,2017-05-10 17:36:32.85+07,1000433
Jeet,2017-05-08 11:12:39.529+07,1000038
Nazmul,2017-05-13 19:56:22.048+07,1000845
Tasnia,2017-05-13 15:35:13.39+07,1000803
Niamul,2017-05-12 17:03:06.074+07,1000694
Sabrina,2017-05-09 11:48:15.323+07,1000208
Nazmul,2017-05-12 23:16:33.114+07,1000740
Arfan,2017-05-10 11:34:24.348+07,1000339
Sabrina,2017-05-08 11:12:40.695+07,1000042
Nazmul,2017-05-12 20:28:02.39+07,1000713
Niamul,2017-05-08 11:30:02.941+07,1000093
Nazmul,2017-05-13 17:50:13.838+07,1000827
Nazmul,2017-05-09 11:49:15.308+07,1000224
Nazmul,2017-05-11 17:41:15.243+07,1000522
Nazmul,2017-05-11 21:15:16.085+07,1000548
Jeet,2017-05-10 19:30:03.176+07,1000442
Tasnia,2017-05-14 23:16:36.024+07,1001014
Tasnia,2017-05-14 15:07:15.897+07,1000942
Arfan,2017-05-09 11:48:14.603+07,1000198
Tasnia,2017-05-14 16:04:34.628+07,1000947
Niamul,2017-05-11 14:37:14.864+07,1000494
Nazmul,2017-05-08 11:21:39.724+07,1000085
Niamul,2017-05-10 10:32:58.345+07,1000321
Jeet,2017-05-08 10:19:08.27+07,1000006
Nazmul,2017-05-11 23:56:09.736+07,1000600
Nazmul,2017-05-14 12:11:58.516+07,1000912
Niamul,2017-05-11 16:57:15.555+07,1000515
Nazmul,2017-05-13 19:59:51.12+07,1000849
Tasnia,2017-05-13 12:32:12.896+07,1000778
Nazmul,2017-05-11 21:17:00.275+07,1000549
Nazmul,2017-05-09 11:48:15.761+07,1000218
Tasnia,2017-05-14 23:16:35.846+07,1001012
Sabrina,2017-05-09 11:09:12.898+07,1000158
Nazmul,2017-05-14 12:09:24.795+07,1000904
Nazmul,2017-05-14 12:09:27.293+07,1000907
Tasnia,2017-05-13 11:16:32.572+07,1000761
Tasnia,2017-05-14 19:59:02.576+07,1000967
Nazmul,2017-05-12 23:16:32.66+07,1000739
Sabrina,2017-05-09 14:24:39.61+07,1000284
Tasnia,2017-05-14 13:50:54.398+07,1000932
Tasnia,2017-05-13 11:12:16.348+07,1000759
Nazmul,2017-05-11 21:10:40.29+07,1000545
Arfan,2017-05-08 13:50:44.522+07,1000121
Nazmul,2017-05-14 11:01:53.741+07,1000882
Nazmul,2017-05-12 17:17:02.529+07,1000696
Jeet,2017-05-09 11:48:15.31+07,1000207
Nazmul,2017-05-12 22:58:24.528+07,1000731
Niamul,2017-05-09 13:12:46.641+07,1000240
Nazmul,2017-05-11 23:18:10.497+07,1000597
Jeet,2017-05-08 11:12:38.1+07,1000020
Nazmul,2017-05-13 20:03:04.071+07,1000856
Tasnia,2017-05-13 15:48:21.921+07,1000807
Nazmul,2017-05-11 23:18:09.007+07,1000565
Niamul,2017-05-12 19:39:13.039+07,1000704
Arfan,2017-05-12 16:24:47.019+07,1000682
Jeet,2017-05-12 13:27:21.937+07,1000622
Nazmul,2017-05-10 14:43:33.013+07,1000378
Niamul,2017-05-10 15:08:57.575+07,1000390
Sabrina,2017-05-12 19:26:51.403+07,1000703
Nazmul,2017-05-13 19:34:46.881+07,1000843
Arfan,2017-05-09 12:12:58.976+07,1000230
Arfan,2017-05-12 15:36:03.127+07,1000672
Nazmul,2017-05-11 23:18:09.906+07,1000588
Arfan,2017-05-09 13:18:31.811+07,1000243
Tasnia,2017-05-11 14:29:52.724+07,1000492
Nazmul,2017-05-08 23:17:46.601+07,1000149
Nazmul,2017-05-14 12:08:44.348+07,1000900
Nazmul,2017-05-10 12:52:56.722+07,1000353
Nazmul,2017-05-11 21:00:02.277+07,1000544
Niamul,2017-05-10 11:37:59.177+07,1000341
Tasnia,2017-05-14 17:56:18.302+07,1000960
Tasnia,2017-05-13 12:13:01.934+07,1000772
Nazmul,2017-05-12 23:16:30.612+07,1000732
Tasnia,2017-05-14 23:16:36.225+07,1001017
Jeet,2017-05-11 13:38:34.426+07,1000484
Nazmul,2017-05-10 20:31:35.19+07,1000448
Arfan,2017-05-10 15:31:46.276+07,1000404
Niamul,2017-05-09 11:48:12.285+07,1000166
Nazmul,2017-05-11 23:29:34.201+07,1000599
Nazmul,2017-05-13 16:55:28.389+07,1000821
Nazmul,2017-05-08 13:21:01.814+07,1000111
Nazmul,2017-05-11 21:13:02.868+07,1000547
Sabrina,2017-05-09 14:48:59.698+07,1000294
Nazmul,2017-05-08 10:09:49.623+07,1000002
Tasnia,2017-05-14 22:39:27.332+07,1000993
Jeet,2017-05-08 11:14:32.977+07,1000056
Nazmul,2017-05-08 13:41:57.515+07,1000117
Sabrina,2017-05-11 16:54:01.05+07,1000514
Nazmul,2017-05-13 19:59:51.25+07,1000851
Tasnia,2017-05-14 23:58:01.825+07,1001035
Arfan,2017-05-08 11:12:40.793+07,1000044
Niamul,2017-05-12 13:23:33.277+07,1000621
Niamul,2017-05-08 11:12:38.411+07,1000024
Nazmul,2017-05-12 21:05:15.888+07,1000719
Jeet,2017-05-10 15:30:09.087+07,1000402
Tasnia,2017-05-12 15:17:40.669+07,1000661
Nazmul,2017-05-10 23:17:38.607+07,1000455
Nazmul,2017-05-12 23:16:31.893+07,1000737
Nazmul,2017-05-14 12:08:42.235+07,1000896
Tasnia,2017-05-13 12:15:33.188+07,1000776
Sabrina,2017-05-12 17:36:35.743+07,1000698
Tasnia,2017-05-14 16:04:41.766+07,1000948
Nazmul,2017-05-11 23:18:10.203+07,1000591
Nazmul,2017-05-13 19:58:47.349+07,1000846
Sabrina,2017-05-08 11:14:35.306+07,1000075
Tasnia,2017-05-09 13:09:27.562+07,1000238
Niamul,2017-05-09 11:48:12.903+07,1000174
Nazmul,2017-05-13 18:08:02.968+07,1000829
Tasnia,2017-05-13 13:53:42.578+07,1000787
Arfan,2017-05-09 13:00:04.724+07,1000235
Jeet,2017-05-12 14:38:09.395+07,1000648
Nazmul,2017-05-08 12:37:36.683+07,1000104
Nazmul,2017-05-09 23:17:46.601+07,1000316
Jeet,2017-05-09 11:48:14.765+07,1000201
Jeet,2017-05-10 15:26:42.253+07,1000397
Jeet,2017-05-10 10:44:52.758+07,1000322
Nazmul,2017-05-13 16:52:12.281+07,1000820
Niamul,2017-05-09 11:48:14.428+07,1000195
Niamul,2017-05-10 17:20:17.537+07,1000426
Nazmul,2017-05-13 19:59:51.154+07,1000850
Tasnia,2017-05-13 12:12:05.156+07,1000770
Jeet,2017-05-09 11:48:13.295+07,1000180
Nazmul,2017-05-09 21:35:05.714+07,1000311
Tasnia,2017-05-14 16:03:34.691+07,1000946
Jeet,2017-05-08 11:12:38.026+07,1000019
Sabrina,2017-05-12 15:19:33.685+07,1000663
Niamul,2017-05-10 15:29:02.654+07,1000401
Nazmul,2017-05-11 23:18:09.324+07,1000576
Nazmul,2017-05-08 11:14:35.008+07,1000074
Niamul,2017-05-09 12:15:52.686+07,1000232
Nazmul,2017-05-10 21:57:02.403+07,1000450
Nazmul,2017-05-13 20:29:59.724+07,1000866
Jeet,2017-05-08 10:01:41.785+07,1000000
Sabrina,2017-05-09 14:10:47.885+07,1000274
Arfan,2017-05-12 11:26:47.897+07,1000614
Arfan,2017-05-08 15:16:21.657+07,1000138
Sabrina,2017-05-10 10:30:45.068+07,1000320
Arfan,2017-05-08 11:14:33.31+07,1000059
Nazmul,2017-05-13 19:30:23.072+07,1000841
Nazmul,2017-05-13 19:59:51.306+07,1000853
Sabrina,2017-05-09 11:48:12.699+07,1000171
Niamul,2017-05-10 15:54:03.206+07,1000411
Jeet,2017-05-11 10:32:47.99+07,1000463
Nazmul,2017-05-08 11:12:39.096+07,1000034
Arfan,2017-05-08 11:40:37.448+07,1000097
Sabrina,2017-05-10 17:27:03.06+07,1000430
Arfan,2017-05-09 13:29:43.047+07,1000253
Arfan,2017-05-09 11:48:15.891+07,1000220
Tasnia,2017-05-14 18:04:02.902+07,1000964
Nazmul,2017-05-12 14:28:59.58+07,1000644
Sabrina,2017-05-10 11:00:14.887+07,1000325
Nazmul,2017-05-11 23:18:09.068+07,1000569
Jeet,2017-05-11 10:06:52.775+07,1000458
Niamul,2017-05-08 10:22:52.168+07,1000008
Arfan,2017-05-10 17:40:45.203+07,1000434
Arfan,2017-05-12 12:21:26.027+07,1000619
Nazmul,2017-05-10 11:33:13.232+07,1000338
Nazmul,2017-05-11 15:34:11.385+07,1000507
Tasnia,2017-05-09 13:04:14.767+07,1000236
Tasnia,2017-05-14 16:44:47.826+07,1000955
Tasnia,2017-05-13 12:50:17.562+07,1000784
Niamul,2017-05-12 13:55:32.921+07,1000631
Arfan,2017-05-09 11:48:13.077+07,1000177
Nazmul,2017-05-12 20:35:44.688+07,1000716
Sabrina,2017-05-10 14:28:42.83+07,1000375
Tasnia,2017-05-14 15:15:11.454+07,1000944
Arfan,2017-05-11 13:04:01.58+07,1000475
Niamul,2017-05-09 14:19:26.946+07,1000280
Nazmul,2017-05-10 23:17:37.607+07,1000453
Nazmul,2017-05-12 23:16:31.106+07,1000733
Arfan,2017-05-08 11:14:34.435+07,1000070
Nazmul,2017-05-09 23:17:45.965+07,1000315
Nazmul,2017-05-10 11:07:44.06+07,1000328
Nazmul,2017-05-12 21:24:17.932+07,1000721
Arfan,2017-05-12 13:30:10.94+07,1000624
Sabrina,2017-05-08 11:12:38.643+07,1000027
Jeet,2017-05-10 15:40:30.639+07,1000407
Nazmul,2017-05-11 23:56:09.869+07,1000601
Tasnia,2017-05-14 23:24:48.501+07,1001028
Tasnia,2017-05-13 15:45:28.864+07,1000806
Jeet,2017-05-08 13:54:58.963+07,1000124
Arfan,2017-05-11 16:53:04.785+07,1000513
Tasnia,2017-05-14 20:04:28.255+07,1000975
Sabrina,2017-05-09 13:31:10.058+07,1000254
Sabrina,2017-05-09 11:29:59.569+07,1000163
Niamul,2017-05-12 15:29:49.058+07,1000669
Arfan,2017-05-09 11:04:49.924+07,1000152
Niamul,2017-05-08 11:14:32.546+07,1000052
Sabrina,2017-05-10 13:02:25.701+07,1000355
Nazmul,2017-05-14 12:08:44.144+07,1000897
Tasnia,2017-05-14 14:08:08.69+07,1000935
Nazmul,2017-05-09 14:14:59.755+07,1000277
Niamul,2017-05-11 14:53:27.938+07,1000499
Sabrina,2017-05-12 14:48:03.781+07,1000651
Jeet,2017-05-11 13:23:12.25+07,1000479
Jeet,2017-05-09 11:48:15.413+07,1000210
Sabrina,2017-05-09 14:18:09.579+07,1000279
Nazmul,2017-05-12 16:49:03.21+07,1000691
Nazmul,2017-05-12 21:24:36.713+07,1000722
Jeet,2017-05-11 16:19:59.246+07,1000511
Tasnia,2017-05-14 17:43:11.735+07,1000958
Arfan,2017-05-12 14:18:21.43+07,1000640
Tasnia,2017-05-13 12:46:50.284+07,1000782
Jeet,2017-05-09 12:09:28.249+07,1000228
Nazmul,2017-05-12 14:39:22.751+07,1000649
Niamul,2017-05-12 11:23:47.305+07,1000606
Nazmul,2017-05-10 20:00:37.751+07,1000446
Tasnia,2017-05-14 23:16:36.855+07,1001025
Nazmul,2017-05-13 19:06:25.503+07,1000838
Sabrina,2017-05-09 11:48:14.701+07,1000200
Nazmul,2017-05-13 20:02:25.177+07,1000855
Nazmul,2017-05-10 15:27:16.174+07,1000398
Nazmul,2017-05-11 15:07:45.842+07,1000501
Niamul,2017-05-09 11:48:13.208+07,1000178
Niamul,2017-05-08 14:18:29.282+07,1000131
Nazmul,2017-05-11 23:18:09.196+07,1000571
Tasnia,2017-05-13 12:08:02.055+07,1000768
Nazmul,2017-05-14 12:09:24.853+07,1000905
Jeet,2017-05-10 15:55:09.196+07,1000412
Nazmul,2017-05-10 16:58:40.097+07,1000423
Niamul,2017-05-10 14:49:31.285+07,1000381
Tasnia,2017-05-14 15:03:53.974+07,1000941
Niamul,2017-05-09 11:48:15.394+07,1000209
Arfan,2017-05-09 11:48:13.715+07,1000185
Arfan,2017-05-10 12:53:03.441+07,1000354
Nazmul,2017-05-10 23:17:37.258+07,1000452
Nazmul,2017-05-11 23:18:10.444+07,1000595
Jeet,2017-05-12 14:58:39.295+07,1000653
Nazmul,2017-05-14 10:07:39.871+07,1000868
Arfan,2017-05-10 15:13:49.923+07,1000393
Jeet,2017-05-10 10:06:14.086+07,1000317
Tasnia,2017-05-14 22:42:02.485+07,1000994
Arfan,2017-05-09 11:48:14.886+07,1000202
Nazmul,2017-05-11 23:18:10.516+07,1000598
Sabrina,2017-05-08 11:12:38.713+07,1000028
Arfan,2017-05-09 11:48:14.056+07,1000189
Arfan,2017-05-12 14:46:09.918+07,1000650
Nazmul,2017-05-11 22:15:01.883+07,1000551
Sabrina,2017-05-09 11:01:32.034+07,1000150
Sabrina,2017-05-12 13:39:06.914+07,1000625
Niamul,2017-05-12 15:37:19.223+07,1000674
Nazmul,2017-05-09 13:29:03.864+07,1000252
Nazmul,2017-05-10 11:45:59.302+07,1000343
Tasnia,2017-05-13 10:08:16.696+07,1000748
Jeet,2017-05-12 15:38:54.856+07,1000675
Arfan,2017-05-09 11:48:12.471+07,1000169
Jeet,2017-05-12 13:57:58.113+07,1000632
Nazmul,2017-05-14 12:46:30.298+07,1000919
Nazmul,2017-05-08 16:05:14.399+07,1000139
Jeet,2017-05-09 11:48:15.088+07,1000205
Jeet,2017-05-08 13:47:39.418+07,1000119
Arfan,2017-05-11 13:41:35.903+07,1000486
Tasnia,2017-05-13 11:10:54.673+07,1000757
Nazmul,2017-05-13 20:06:02.881+07,1000860
Nazmul,2017-05-09 13:16:30.484+07,1000242